{
  "project_info": {
    "project_number": "201428765451",
    "firebase_url": "https://movie-united-53acb-default-rtdb.asia-southeast1.firebasedatabase.app",
    "project_id": "movie-united-53acb",
    "storage_bucket": "movie-united-53acb.appspot.com"
  },
  "client": [
    {
      "client_info": {
        "mobilesdk_app_id": "1:201428765451:android:082d2d10aae9842a39b00e",
        "android_client_info": {
          "package_name": "com.movieunited.movie_united"
        }
      },
      "oauth_client": [
        {
          "client_id": "201428765451-lbme7f9rovsvo5vc699jd749komnue9o.apps.googleusercontent.com",
          "client_type": 3
        }
      ],
      "api_key": [
        {
          "current_key": "AIzaSyB8Qp3CqBh3t5B6pL1PVf_ZosFdFAlLmzo"
        }
      ],
      "services": {
        "appinvite_service": {
          "other_platform_oauth_client": [
            {
              "client_id": "201428765451-lbme7f9rovsvo5vc699jd749komnue9o.apps.googleusercontent.com",
              "client_type": 3
            }
          ]
        }
      }
    }
  ],
  "configuration_version": "1"
}